{
  "project_info": {
    "project_number": "522600850893",
    "firebase_url": "https://eshop-e9b63.firebaseio.com",
    "project_id": "eshop-e9b63",
    "storage_bucket": "eshop-e9b63.appspot.com"
  },
  "client": [
    {
      "client_info": {
        "mobilesdk_app_id": "1:522600850893:android:f1b500879610a418cc1084",
        "android_client_info": {
          "package_name": "com.example.eshoppro"
        }
      },
      "oauth_client": [
        {
          "client_id": "522600850893-n1l2l8b1ae5d321grfru7jcm1d3ck3dp.apps.googleusercontent.com",
          "client_type": 1,
          "android_info": {
            "package_name": "com.example.eshoppro",
            "certificate_hash": "d971d657004536f8e0b26963e3949df7c4c0a709"
          }
        },
        {
          "client_id": "522600850893-ea556fdqtlimltjrifc2587qnr32p3sk.apps.googleusercontent.com",
          "client_type": 3
        }
      ],
      "api_key": [
        {
          "current_key": "AIzaSyB830y4Ff0wH6f47AWnv68GS-1ZpjUVRbY"
        }
      ],
      "services": {
        "appinvite_service": {
          "other_platform_oauth_client": [
            {
              "client_id": "522600850893-ea556fdqtlimltjrifc2587qnr32p3sk.apps.googleusercontent.com",
              "client_type": 3
            }
          ]
        }
      }
    }
  ],
  "configuration_version": "1"
}